filename,department,plo,methods,results_conclusions,improvement_plan,label,plo_score,methods_score,results_score,plan_score
ANTH PhD ROAR AY2023-24 PLO1.docx,Anthropology,Have developed the skills to pursue various professional endeavors within and outside the academy successfully.,"1. Students will be evaluated directly by their dissertation committees on their mock job talk (meant to replicate an academic presentation for a tenure-track position in cultural anthropology). An evaluation rubric will be provided to each faculty member, and they will grade, on a scale of one to five, whether the student showed capacity in articulating research objectives and outcomes in an oral presentation; whether they demonstrated an ability to respond to oral questions with analytic and verbal sophistication and if they created a rich and engaging visual and oral presentation of research. 2. Each third-year studentâ€™s undergraduate syllabus will be evaluated by the DGS and their dissertation chair to determine whether they have identified an important topic for instruction within the discipline; if they have created an accessible and rigorous set of readings for an undergraduate syllabus and whether they developed engaging exercises appropriate to the topic and pedagogical level of an undergraduate syllabus.","For (1), committee members answered three complementary questions. (a) â€śShowed capacity in articulating research objectives and outcomes in an oral presentation.â€ť The cumulative score across four presentations was 4.2 (or 84%). (b) â€śDemonstrated ability to respond to oral questions with analytic and verbal sophistication.â€ť The cumulative score across four presentations was 4.1 (or 82%). (c) â€śDeveloped a rich and engaging visual and oral presentation of research.â€ť  The cumulative score across four presentations was 4.1 (or 82%) All outcomes exceed the threshold of 80% of students who achieve a score of 3.5 (or better). For (2) each of the five undergraduate syllabi individually produced by third-year graduate students in the program was evaluated for the above criteria by their dissertation committees. The cumulative score across all five syllabi reviewed was 4.6  (or 92%), which exceeds the threshold of 80% of students who achieve a score of 3.5 (or better).",For (1) no changes are needed at the present time. In AY 24-25 we will continue to hold mock job talks that the studentâ€™s committees will evaluate. For (2) no changes are needed at this time.,1,0,1,1,1
ANTH PhD ROAR AY2023-24 PLO4.docx,Anthropology,Applied research and analytical skills to original research questions and case studies to produce actively innovative approaches to anthropological knowledge and to intervene effectively in extant disciplinary discussions and debates. Apply research and analytical skills to original research questions and case studies to produce innovative approaches to anthropological knowledge and intervene effectively in both disciplinary discussions and wider sociocultural debates.,"Each student will be evaluated directly by the faculty on the dissertation committee, who will base their evaluation on both (a) the quality of the written material (dissertation) and (b) the oral presentation of research materials (dissertation defense). An evaluation rubric will be provided to each dissertation committee member who will grade, on a scale of one to five, whether the student: situated their research problem within existing literatures and discussions relevant to the case study or series of case studies at hand; critically analyzed existing paradigms in the discipline and raised critiques and parallels where appropriate; created and responded to an original research question within the scholarly literature and broader disciplinary debates; and identified a significant problem or question for research within the discipline.","Across the five dissertations and defenses evaluated by faculty committee members, 20% (1 student) achieved an average of 3.2; 20% (1 student) achieved an average of 3.9, 20% (1 student) achieved an average of 4.3, 20% (1 student) achieved an average of 4.8 and 20% (1 student) achieved an average of 5. This results in 80% of students achieving well above the expected threshold of a 3.5 average with 20% failing to achieve that goal.","Our results show that most students completing their dissertation this year excelled in achieving the programâ€™s stated expectations. However, one studentâ€™s performance did not fulfill the programâ€™s expectations for pedagogical achievement. It is recommended that, in the future, students who are at risk of not fulfilling the programâ€™s expectations be counseled closely by the chair of their dissertation committee (and other committee members when appropriate) to focus attention on the areas of evaluation to be assessed (per PLO 4 above). The impact of these changes will be assessed in AY 24-25.",1,1,1,1,1
MATH PhD ROAR AY2023-24 PLO2.docx,Mathematics,"Learn fundamental mathematics independently, outside the structure of a regular course.","The mathematics department the advanced oral exams, typically given 6 months to 1 year after our Ph.D. students pass all of their written qualifying exams. The topic of the advanced exam is in a special field, determined by the student and their advisor, who work together to construct a syllabus of material the advisor deems necessary to continue onto research, and a timeline for learning this material.  The syllabus is then approved by the examination committee.  This committee consist of the faculty advisor in the mathematics department (the chair of the committee) and at least one other faculty member in the mathematics department.  The student then submits their syllabus to the Graduate Chair (Chris Leininger). The student is required to learn the material on their own. However, they typically meet with the advisor weekly to get guidance on the material. At the end of the time period, the committee will meet with the student to assess whether the student has demonstrated proficiency in the material. The committee will decide if the material has been learned by asking oral questions. The chair of the committee informs the Graduate Chair of the results. During an earlier  PLO2 assessment, the former Graduate Chair (Shelly Harvey) created a new form that the advisor must fill out after completion of the advanced oral exam to assess whether the students are successfully learning fundamental mathematics independently, outside of a regular course.  The form ask the chair of the committee to comment on the studentâ€™s strengths and weaknesses in the following areas: ability of the students to learn the material independently, knowledge of the subject matter, communication skills, ability to solve problems.","During AY 2023-24, there were four students who attempted their advanced exam (their names are withheld for privacy). Student 1. Topic: Algebra and categories. Examiners: Chelsea Walton (chair), Tony Varilliy-Alvarado Student 2.  Topic: Coding theory. Examiners: Tony Varilly-Alvarado (chair), Shelly Harvey, Emily McMillon (outside member) Student 3. Topic: Geometric group theory. Examiners: Chris Leininger (chair), Alan Reid Student 3. Topic: Geometry and topology. Examiners: Alan Reid (chair), Chris Leininger All four students passed, with one meeting the minimum standards and three exceeding the minimum standards.","The examination process seems to serve its purpose of preparing the students to learn the material and be able to perform research on their own.  Some students are being delayed in taking their advanced exam, which seems to be some lingering effect from COVID and pandemic practices.  The Graduate Chair is monitoring the situation and encouraging students and their advisors to keep close tabs on those students who should be taking exams soon.  There are no particular changes planned, but the situation will continue to be monitored.",1,1,1,1,1
HIST BA ROAR AY2020-21 PLO3.docx,"Department of History, BA","Methodologies Exhibit a solid understanding of historical methodologies and research skills, including the careful and creative use of primary and secondary sources that are read critically and weighed carefully as historical evidence.","Thirty seminar papers were collected for assessment, from nine 400-level seminars, excluding the honors seminar. (Faculty were asked to submit 3 or 4 papers, depending upon the size of the seminar). Of these 16 were randomly selected and completely de-identified: all information could identify studentâ€™s name, course number & title, instructorâ€™s name, grades or comments was removed. These papers were distributed randomly to the members of the undergraduate committee. Each paper was scored with a rubric that had been created this year to measure the relevant student learning outcome. The scale was 1 (best) â€“ 4 (worst).  The questions for this SLO were: shows ability to find written, oral and/or material primary sources uses primary sources to support historical arguments and draw conclusions understands relationship between primary and secondary sources","The mean scores for these rubrics were 1.59, 1.66, and 1.72, well above the passing score of 2.5. For this SLO, one paper in particular was very weak, with scores of 3-3-4, and three papers had scores that were 2 or 2.5 for all elements of SLO3, indicating a passing performance but not a particularly strong performance.  Most students are doing well in identifying primary source materials, using them appropriately to draw historical conclusions, and to use them in relation to available secondary sources.","This SLO was evaluated in 2016-17 and 2018-19, when a decline in performance was noted. It appears that discussions in the department to pay more attention in our classes to developing the skills of reading primary sources, understanding how to draw conclusions from primary sources, and using primary sources to make interventions in existing historiography, have been largely successful, although there is still room for improvement. T he weakest score was for rubric 3 (relationship between primary and secondary sources), where the mean was 1.72 and where there were two papers that clearly did not achieve a passing score on that element.  The rubric in 2016-17 was different from the rubric used this year. Nonetheless, the results show that we are doing better, but itâ€™s clear we will need to remain vigilant to sustain the improvement. A survey of our syllabi at 200- and 300-level shows significant attention to the use of primary sources in our courses. The Undergraduate Committee will convene a lunchtime discussion in Fall 2021 to share strategies for using primary sources across historical fields in order to maintain and continue to improve the outcomes of our students. The academic skills for different levels of history courses were first articulated in 2017 by the Undergraduate Committee. This coming year, the UG committee will review that document and discuss whether & how to revise it. In addition, we will review syllabi from different levels of instruction to ensure that we are scaffolding the academic skills needed for students to succeed in 400-level seminars (for which there are currently no prerequisites).",1,1,1,1,1
CHBE PhD ROAR AY2023-24 PLO1.docx,"CHBE, PhD","Demonstrate a solid foundation in the fundamentals of chemical engineering in four areas: applied mathematics, kinetics and reaction engineering, thermodynamics and transport phenomena.","These foundational topics are covered primarily in our required core courses: CHBE 501 Fluid mechanics (Fall term) CHBE 590 Advanced reaction engineering (Spring term) CHBE 602 Thermal and mass transport (Spring term) CHBE 611 Thermodynamics (Fall term) CHBE 692 Applied mathematics (Spring term) For 2023-24, we obtained work samples for CHBE 501 and 692. CHBE 501: For assessment, we considered student performance on a comprehensive take-home exam. CHBE 692: For assessment, we considered student performance on a final project that included an oral presentation. Assessment Procedure: The work samples were examined and ranked as follows:","The table below lists the percent of students in each rank. Overall, we believe that this PLO was met.  The results for 501 and 692 are in-line with our expectations for our PhD students.  The two deficient students in 501 did pass the course when other graded work was taken into account.","All instructors of our core courses meet at the end of each term to discuss and assess the performance of our students, in order to more clearly identify students with deficiencies across multiple classes. We have observed a decrease in the level of preparation among our students, particularly in mathematics and fundamentals of physics, e.g., for CHBE 501, 602 and 692. This appears to be coincident with incoming students affected by Covid in their undergraduate degrees. This also appears to be a general problem in the field, based on consultation with programs at peer institutions. This deserves future attention, and we are discussing measures such as increased emphasis on review material, particularly in our Fall courses.",1,1,1,1,1
MATH PhD ROAR AY2023-24 PLO1.docx,Mathematics,"Apply abstract structures from algebra, analysis, and topology to analyze and solve both concrete problems and conceptual questions.","This was assessed using the written qualifying exams that were administered in during the academic year 2023-24 (Aug 23, Jan 24, May 24). A graduate student in the Ph.D. program must perform satisfactorily on all three written exams (in algebra, analysis, and topology) by the May at the end of their fourth semester in order to continue in the program.  All exams are graded pass/fail. The judgment of satisfactory performance on the examination is the responsibility of the department Graduate Committee. The exams are written and evaluated by a committee of faculty in the respective specialty. The exams include problems that are concrete or computational, and questions that are conceptual. The students must apply the abstract structures from algebra, analysis, geometry, and topology that they have learned in their first year courses to solve the problems.  The Graduate Chair (Chris Leininger) worked with the subcommittees to determine which problems tested knowledge of a certain subject (algebra, analysis, and topology) and which problems were of a certain type (concrete or conceptual). The Graduate Chair worked with the subcommittees identified whether the students who passed the exams demonstrated proficiency in both concrete and conceptual problems, and then consensus was reached by the entire Graduate Committee.","All students who matriculated as beginning students in the Fall 2022 semesterâ€”that is, those required to pass their examinations by May 2024â€”passed all three of their examinations and are ready to move on to the next phase of the program.  Of the three students who matriculated in Fall 2023 (and so have until May 2025 to complete their exams), two have passed  two exams, and one has passed one exam.  Those who did not pass were directed to contact the subcommittee members to discuss the results so they know where improvement is needed.  It is expected that all three students will study for their exams over the summer and retake those still required in August. The breakdown of students taking each exam during each period was a follows: Analysis. August: 5 attempted, 1 passed. January: 5 attempted, 3 passed. May 3 attempted, 2 passed. Algebra. August:  1 attempted, 0 passed. January: 2 attempted, 1 passed. May 2 attempted, 1 passed. Topology. August: 1 attempted, 1 passed. January: 2 attempted, 1 passed. May 2 attempted, 1 passed. The Mathematics Department admits students that they expect will succeed and pass their exams.  The 100% success rate for students required to pass by the end of their fourth semester was achieved.","The analysis exam has seen the highest level of failure in the last few years. The Graduate Committee has been working with the analysis subcommittee and more broadly those members of the department whose area of expertise is analysis to address this issue.  The subcommittee has started working to ensure that the problems on the analysis exam more closely align with the kinds of problems that students see during the semester while taking the course.  Going forward, all instructors will work to ensure that students in the courses see problems of the same caliber as those that will appear on the qualifying exams, and to provide some regular feedback from faculty (rather than graders) on these problems. These changes are already being implemented, and we will monitor the results of the exam in the next academic year.",1,1,1,1,1
CHBE PhD ROAR AY2023-24 PLO4.docx,"CHBE, PhD","Conduct independent research by working on research projects, individually and in interdisciplinary groups.","The primary assessment of the ability to conduct original research is based on peer-reviewed publications (including patents) that result from the PhD.  Among these, we consider especially the number of publications as â€śfirst-authorâ€ť (or equivalent, depending on common practice in the sub-field), i.e., those in which the studentâ€™s role was primary. Our expectation is that - all students successfully defend the PhD thesis, and that - 90% of students publish their work in two or more peer-reviewed publications","During the one year period from 1 June 2023 and 31 May 2024, 22 students defended their PhD theses. The table gives the anonymized publication output, including patents and articles that are posted achieve servers and are publicly available. This shows 91% of students with two or more publications from their PhD period. Moreover, all students scheduled to defend their theses in this period did so successfully. Thus, our expectations have been met. We also note that the average is for 6.3 papers, 2.4 of which are as first-author.","While the results above show that our students are meeting our publication expectations, as well as improvement in this regard over recent years, we are concerned about the appearance of one student with no papers published or currently under review. In this case, however, one paper has been written and is expected to be submitted soon. We typically discuss this issue at least once per year in faculty meetings. The above data will be shared for the next such discussion at an upcoming meeting.",1,1,1,1,1
ANTH PhD ROAR AY2023-24 PLO2.docx,Anthropology,Obtained comprehensive understanding of the history of the discipline and anthropological theory and practice. Demonstrate a comprehensive understanding of the history of the discipline as well as anthropological theory and practice.,"Each student will be evaluated directly by the faculty on the dissertation committee, who will base their evaluation on both (a) the quality of the written material (dissertation) and (b) the oral presentation of research materials (dissertation defense). An evaluation rubric will be provided to each dissertation committee member who will grade, on a scale of one to five, whether the student: demonstrated familiarity with anthropological debates, theoretical discussions and conceptual themes in the discipline; exhibited the ability to meaningfully contribute to larger anthropological debates by engaging extant literatures, concepts and methods; demonstrated cogent engagement with anthropological concepts, including those developed by the student; and was able to orally communicate the importance of the research to wider bodies of knowledge.","Across the five dissertations and defenses evaluated by faculty committee members, students averaged 3.9/5 for demonstrated familiarity with anthropological debates, theoretical discussions, and conceptual themes in the discipline; 3.9/5 for exhibiting the ability to meaningfully contribute to larger anthropological debates by engaging extant literatures, concepts and methods, 3.9/5 for demonstrating cogent engagement with anthropological concepts, including those developed by the student; and 4/5 for orally communicating the importance of the research to wider bodies of knowledge. Overall, students averaged 3.9/5 for all categories of work. If we analyze the results per student, 1 student (20%) achieved an average of 3, 2 students (40%) achieved an average of 4, 2 students (40%) achieved an average of 5, This results in 80% of students achieving the expected threshold of a 3.5 average with 20% failing to achieve that goal.","Our results show that most students completing their dissertation this year excelled in achieving the programâ€™s state expectations. However, one studentâ€™s performance did not fulfill the programâ€™s expectations for pedagogical achievement. It is recommended that in the future, students who are at risk of not fulfilling the programâ€™s expectations be counseled closely by the chair of their dissertation committee (and other committee members when appropriate) to focus attention on the areas of evaluation to be assessed (per PLO 2 above). The impact of these changes will be assessed in AY 24-25.",1,0,1,1,1
ECON_MTEC BA ROAR AY2023-24 PLO3.docx,Economics & MTEC BA,"Learned various statistical and econometric skills, and used statistical software to analyze economic data, interpret and communicate statistical results, both orally and in writing.","We utilize a rubric based on the final examination in ECON 209, Applied Econometrics, which evaluates i) familiarity with introductory econometric concepts, ii) interpretation and statistical inference, and iii) application of causal inference techniques; as well as the data analysis assignments in ECON 209 which require iv) an ability to use statistical software packages.  Each item in the rubric was evaluated on a scale from 0-4, with 4 (0) being the highest (lowest) score indicating mastery of (failure to understand) the subject material. Our goal is that at least 75% of the students make a score of at least 3.0, as measured by the rubric, indicating good or excellent knowledge of the material listed in the PLO.","The proportion of students achieving a score of 3 or 4 exceeded 80% for each rubric item.  Rubric item #2 seems most challenging to students, perhaps because conducting statistical inference builds on retention of content from prerequisite courses in Statistics.  Despite many students having no prior coding experience, they did surprisingly well on rubric item #4; this is likely because we have dedicated Teaching Assistants and example code to help students use the statistical software (R).","We are satisfied that the evaluation met our stated standards, and we do not recommend any changes at this time.",1,1,1,1,1
SMEP BA ROAR AY2023-24 PLO5.docx,"Kinesiology Department/Sports Medicine & Exercise Physiology Program, BA","Analyze sports science and exercise physiology research, including physical activity research, through identification and critical evaluation of relevant scientific literature. (Critical Thinking)","In our KINE 440: Research Methods, students are required to take written examinations over their retention of knowledge regarding research, which includes research design, data collection, literature review, ethical standards of designs and execution of research studies.  These topics are learned in the first portion of the semester, so the students are well versed upon completion of their research projects later in the course.  The multiple-choice exams were directly assessed utilizing a scantron key by the teaching faculty, Dr. Augusto Rodriguez.  In the Fall semester of the 2023-2024 academic year, there were 20 students enrolled in this course.","The students showed learning and retention of knowledge regarding research methods, which includes ethical standards of designs and execution of research studies. The average score for the multiple-choice examinations was 62 out of 65 utilizing the scantron key scale as described above. The average score for the examinations was 85%. Seventeen out of 20 students (85%) (17/20) scored above 85%. The department is satisfied with these results.","While currently no major changes are planned, our evaluation and assessment tools/rubrics are annually reviewed during the subsequent academic year to polish and improve to ensure that these documents fairly and adequately assess the studentsâ€™ project and this Program Learning Outcome.",1,1,1,1,1
ECON_MTEC BA ROAR AY2023-24 PLO4.docx,Economics MTEC & BA,"Learn various mathematical skills, including the elements of multiple variable calculus, linear algebra and optimization techniques, and other mathematical methods utilized in technical economic analyses.","We utilize a rubric based on the final examination in ECON 308, Mathematical Economics, that evaluates knowledge of the mathematical skills needed for advanced technical economic analysis, with each item in the rubric evaluated on a scale from 0-4, with 4 (0) being the highest (lowest) score indicating mastery of (failure to understand) the subject material. Our goal is that at least 75% of the students make a score of at least 3.0, as measured by the rubric, indicating good or excellent knowledge of the material listed in the PLO.","We use the final examination for Spring 2024. From a group of 18 students, 78% show a mastery of the overall subject (i.e. the rubric score is above 3). This is an excellent outcome.","We are satisfied that the evaluation met our stated standards, and we do not recommend any changes at this time.",1,0,1,1,1
Naval Science minor ROAR AY2023-24 PLO4_May24.docx,Naval Science Department/ Minor in Naval Science,"Gain an understanding of Western moral traditions and ethical philosophy as they relate to military leadership and the conduct of warfare, including Aristotle, Bentham, Mill, Kant, and Aquinas.","We will evaluate this program learning outcome in NAVA 402 Leadership and Ethics, which is the Naval Science capstone course for all Naval ROTC students, which is required for commissioning, as well as non-NROTC affiliated students attempting to minor in Naval Science. Students are required to develop an information paper on an assigned topic and then present the information to a group orally, utilizing briefing materials to include visual aids.  Student performance will be graded on a rubric for both the information paper and their presentation of the information. The Standard is that 85% of the students sampled score better than 80% on their Ethics Presentation and Information Paper assignment at the end of the course. For class sizes under ten students, we will review all submissions.  For classes greater than 10 students, we will randomly select work from 60% of the class.","The Spring 2024 class had 6 students; therefore, all work was assessed.  100% of the students scored better than 83% and therefore met the standard. However, no one scored better than 85%. In reviewing student performance, it became apparent that one of the elements of the rubric was not well understood by all students.  With a better understanding of all the elements of the rubric, it is foreseeable for an increase in student grades.","There was a recurring element in the rubric for students to develop and describe 2 or moreâ€ť Courses of Actionâ€ť (COAs).  After debriefing the presentations with the students, I realized that there was a weak understanding of what a â€śCourse of Actionâ€ť is and what needs to be considered when developing one. It is recommended it include a description of a proper COA and provide an example when introducing the assignment to the class and then again when discussing the rubric. This will be implemented in the Spring 2025 course. The results of the scores from SY2024-25 will be compared to SY2023-24.",1,0,1,1,1
BIOE PhD ROAR AY22-23 PLO2 (proposal review).docx,"Bioengineering Department, Doctoral Program",Integrate knowledge from different sources to solve a defined bioengineering problem.,"Rice Bioengineering student are required to complete a thesis proposal that consists of a written exam and an oral exam that are both presented to a committee of professors. This is a key developmental stage for a PhD student. The proposal committee typically also serves as the studentâ€™s final thesis committee. Oral exams can be any format, at the studentâ€™s and their mentoring PIâ€™s discretion, but the use of a NIH F31 applications format is encouraged.  Students are expected to complete their thesis proposal prior to the beginning of their third year. Some students complete their exams later than this suggested deadline. However, the department has emphasized the proposal examâ€™s importance more recently, which has prompted more students to submit their proposals by the deadline. Students are expected to submit the written component of their thesis to the department to facilitate program assessment once exams have been completed successfully. In cases where exams were unsuccessful, students are typically provided opportunities to improve their proposals and repeat the exams. Students can be dismissed if they are unable to pass their exam successfully, but this outcome is very rare. The department only collects written thesis documents from students who have successfully passed their exams. Materials and student groups assessed: 7 written proposals randomly selected and evaluated. All proposals evaluated were submitted during the fall 2022 semester. proposal exams. Approximately 20 exams were completed during that semester. The ability to integrate knowledge to solve a problem (PLO2) was evaluated by evaluating studentâ€™s statements of specific aims, hypotheses and research / experimental objectives. Definition of a clear basis for these statements was ranked on a scale of 1-5 with 5 being the highest performance. A score of 3 is considered good performance in a category, with opportunity for, but not necessarily a pressing need for improvement. Below 3, would be deemed inadequate. Average scores and distributions were analyzed.","Results:  Student are demonstrating satisfactory to excellent progress with respect to integrating knowledge and crafting aims, hypothesis and objective. Scores for the seven evaluated proposals were all quite high, with all but 1 receiving a 5.  Students are thus developing high quality proposals in this sampling; the professional quality of all exams was quite high. Overall, this data strongly suggests the training leading up to and the proposal exam are helping students achieve PLO2.","These assessments are useful and worth monitoring to ensure students maintain a high level of performance. No specific changes are suggested at this time. The department should simply reinforce its current training requirements, policies and procedures.  The Bioengineering PHD class size is notably growing, and the number of students completing exams is expected to increase, this assessment should be repeated annually or bi-annually to help the department maintain consistent student development.",1,1,1,1,1
Naval Science minor ROAR AY2023-24 PLO5_May24.docx,Naval Science Department/ Minor in Naval Science,"Develop critical analysis, writing, and verbal skills. Demonstrate practical application of these skills through experiential learning, case study analysis, and Socratic discussion.","We will evaluate this program learning outcome in NAVA 402 Leadership and Ethics, which is the Naval Science capstone course for all Naval ROTC students, which is required for commissioning, as well as non-NROTC affiliated students attempting to minor in Naval Science. Measurement will be conducted using the Final Exam, which will be given at the conclusion of the course.  The Final Exam consists of a combination of multiple-choice and short essay questions. The Standard is that 85% of the students sampled score better than 80% on their Final Exam. We will utilize scores for ALL students enrolled in the class for the basis of this assessment.","The Spring 2024 class had 6 students; all Final Exam scores were assessed.  100% of the students scored better than 86% and therefore met the standard. Additionally, 5 out of 6 students scored over 90% In reviewing student performance, it appears that a combination of persistent reminders of key course concepts throughout the semester and a thorough review prior to the exam helped to reinforce course objectives.","There are no recommended adjustments, and we will maintain the current instructional design.",1,0,1,1,1
CHBE PhD ROAR AY2023-24 PLO3.docx,"CHBE, PhD",Demonstrate professional written and oral communication skills.,"At the end of their second year, our PhD students write their Thesis Proposal and prepare to defend it before a committee that usually becomes their eventual thesis committee for the defense.  In length, the thesis proposal is typically 50-60% of a full PhD thesis, but with understandably fewer and mostly preliminary results. In addition to research aspects of their Thesis Proposal, students are judged on their writing and oral presentation skills. Specifically, they are graded on a scale of 1-5 in various categories, including (1) Writing Quality and Organization, as well as (2) Oral Communication in both Presentation and Response to Questions. We collect both the thesis proposals, as well as the committee grades and comments/feedback.","For the 13 PhD students starting in 2021 and presenting their thesis proposals at the end of the 2022-23 academic year, below is a summary of the assessments based on the above criteria (1) and (2). In the summary, percentages of students judged to be unsatisfactory (<3), satisfactory (3-4.5) and excellent (>4.5) are given. All students received satisfactory or better scores in these areas.",The performance above is overall satisfactory and is also consistent with recent years. But it seems that extra attention may be warranted to improve the oral performance. This is a matter of current discussion and planning in our Graduate Studies Committee.,1,1,1,1,0
SOCI BA ROAR AY2023-24 PLO4.docx,Sociology,"Apply methodological, theoretical, and research skills to carry out empirical research projects.","Instructors of 400-level courses with final projects were asked to complete standardized rubrics to assess studentsâ€™ ability to apply methods, theory and other research skills to carry out a project and to communicate results based on their final projects for the course. One 400-level course with a final project was offered in AY 23-24 (SOCI 451: Immigration). The instructor for this course selected a representative sample of final projects from the course and evaluated them on a 10-item rubric. Each item on the rubric has a point scale that ranges from 0 (no demonstration of knowledge/skill) to 3 (mastery of knowledge/skill) in 0.5 increments.",The average overall score on the 10-item rubric was 2.8 out of a possible 3 points. Students scored less than 3 points on only two items on the rubric: â€śSelect and apply appropriate methods or strategies that address the research question(s)â€ť and â€śWork as self-directed researchers and problem solvers.â€ť This is well above the standard the department has set of 80% of students scoring 2.0 or better on the rubric total score (averaged across all items).,"Given the strong performance of students on the assessment rubric, we are pleased with current performance on PLO4 and have no major plans for improvement at this time. We will re-evaluate performance on PLO4 in AY24-25 as other relevant 400-level courses are offered to ensure we are continuing to meet our objective in our other advanced undergraduate courses.",1,1,1,1,1
ANTH PhD ROAR AY2023-24 PLO3.docx,Anthropology,"Engaged with the key methodological, theoretical, and critical analytical skills at the heart of the discipline with the capacity to become skilled producers of anthropological knowledge and to critique actively and reconfigure canonical anthropological knowledge. Utilize the key methodological, theoretical, and analytical skills at the heart of the discipline and become skilled producers of anthropological knowledge, able toÂ critique activelyÂ and reconfigure canonical approaches to social science.","Each student will be evaluated directly by the faculty on the dissertation committee, who will base their evaluation on both (a) the quality of the written material (dissertation) and (b) the oral presentation of research materials (dissertation defense). An evaluation rubric will be provided to each dissertation committee member who will grade, on a scale of one to five, whether the student: conducted appropriate research according to the goals and objectives of the research design; achieved a research outcome and primary argument demonstrating an important intervention or contribution to current debate(s) in the discipline; demonstrated an ability to productively engage with intellectual challenges and critiques provided in the question and answer period; utilized analytic abilities and articulated conceptual and methodological material in verbal form.","Across the five dissertations and defenses evaluated by faculty committee members, 20% (1 student) achieved an average of 2.9; 20% (1 student) achieved an average of 3.9; 20% (1 student) achieved an average of 4.4; 20% (1 student) achieved an average of 4.5, and 20% (1 student) achieved an average of 4.8. This results in 80% of students achieving the expected threshold of a 3.5 average with 20% failing to achieve that goal.","Our results show that most students completing their dissertation this year excelled in achieving the programâ€™s stated expectations. However, one studentâ€™s performance did not fulfill the programâ€™s expectations for pedagogical achievement. It is recommended that, in the future, students who are at risk of not fulfilling the programâ€™s expectations be counseled closely by the chair of their dissertation committee (and other committee members when appropriate) to focus attention on the areas of evaluation to be assessed (per PLO 3 above). The impact of these changes will be assessed in AY 24-25.",1,1,1,1,1
ECE MSPhD ROAR AY2023-24 PLO1.docx,Electrical and Computer Engineering MS-PhD,Identify and define relevant research topics in Electrical and Computer Engineering and conduct independent research with results that advance the state of the art in the field.,"The ECE student in the MS-PhD program must successfully complete a project course ELEC 599 in their second semester (or first semester if they matriculate in Spring).  Students who have already acquired a masterâ€™s degree elsewhere must also complete the ELEC 599 project, after which acceptance of their previous masterâ€™s degree will be determined by the Graduate Committee. ELEC 599 allows students to begin research early in the Ph.D. program and also crucially serves as the vehicle to identify the PhD thesis advisor. ELEC 599 consists of two parts: research and communications seminars. At the end of the semester, students are evaluated through written project reports and oral presentations by at least three faculty members, including their potential advisors. Students must pass ELEC 599 with a grade of A- or better to remain in the PhD program. Materials and methods of assessment: A total of 30 students who matriculated in Fall 2023 and Spring 2024 took ELEC 599 and were evaluated for their performance. The ability to identify and define relevant research topics was evaluated by studentsâ€™ problem statements and research objectives. The clearness and conciseness of the problem statement were ranked on a scale of 1-5, with 5 (Excellent) being the highest performance. A score of 4 (Very Good) means the problem statement is at an appropriate level but may not be clear or concise. 3 (Good) was given when the problem is not stated clearly or with sufficient detail. Below 3 would be deemed inadequate in problem statement skills.","Results: All 30 students scored 3 (Good) or above in this evaluation category, which indicates that students are making excellent progress in identifying the problem and defining the research topics. 87% of the students scored above 4 (Very Good) and 30% of the students scored 5 (Excellent). In ELEC 599, students were given opportunities to learn how to craft problem statements, hypotheses, and experimental objectives through multiple lectures, peer reviews, and class activities. The assessment suggests that the course curriculum was effective in helping students achieve PLO1 in the early stage of their program.","ELEC 599 is required for all students in their first year, and the tool is useful as a formative assessment of PLO1. No specific changes to the course are suggested at this time. We will continue to reinforce this training through various methods in ELEC 599 and assess the learning outcome annually. We will also try to employ methods such as evaluation of MS thesis defense, PhD qualifier, PhD proposal, and PhD thesis defense. These may have to be sample data as students go through different stages of exams/evaluations in different timelines. In general, we try to monitor studentsâ€™ progress and ensure that milestones are met by the expected timeline with an expected outcome. We will increase communications with students and faculty advisors so they will have a clear understanding of the requirements and will not fall behind. The graduate committee will evaluate the effectiveness of this assessment plan on a regular basis and revise it as needed.",1,1,1,1,1
ECE MSPhD ROAR AY2023-24 PLO3.docx,Electrical and Computer Engineering MS-PhD,Solve real-world problems by integrating knowledge gained in courses and through independent study.,"We used the evaluations from the Annual Progress Reports completed by both students and their advisors and the graduation rate to assess this Program Learning Outcome. Materials and methods of assessment: The ability to solve real-world problems by integrating knowledge gained in courses and through independent study (PLO3) was evaluated by the studentâ€™s overall research performance through Annual Progress Reports. The Annual Progress Report is completed annually by both students and their advisors. Students provide their course and research progress, publications toward PhD, milestones achieved, and plans for the degree. The advisors evaluated their studentsâ€™ research progress on four scales: a) exceed expectations, b) meet expectations, c) borderline, and d) do not meet expectations. The expectation to satisfy PLO3 is to reach 80% of all students â€śmeet or exceed expectationsâ€ť and 30% of all students â€śexceed expectations.â€ť We also looked at the graduation rate within a certain period of time. In ECE, students are expected to defend their thesis by the end of the 11th semester and graduate by the end of the 12th semester. The defense deadline of the department is the end of the 14th semester. We looked at the number of students who would graduate by August 2024 among the number of qualified students (those who obtained MS at Rice or came with an approved prior Masterâ€™s). The expectation to satisfy PLO3 is to reach 80% of qualified students to complete the degree by the end of their 14th semester and 60% of students to complete the degree by the end of their 12th semester.","Results: The Annual Progress Reports from AY23-24 were conducted during the summer and were collected for 129 PhD students. 87% of the students were evaluated as â€śmeet or exceed expectations,â€ť and 36% were considered â€śexceed expectationsâ€ť by their advisors. 4 students were evaluated as â€śdoes not meet expectations,â€ť and one of them left the program. The result indicates that most students are making good progress towards the degree and expecting to be successful in solving real-world problems by integrating knowledge gained in courses and through their research. As for the graduation rate, out of 13 students who matriculated in Fall 2017 and passed beyond the PhD qualifier (either obtained MS at Rice or came with approved prior Masterâ€™s), 12 students (92%) have graduated by this academic year. For those who matriculated in Fall 2018, 13 students have graduated out of 21 qualified students (62%). The graduation rate is also important in evaluating studentsâ€™ overall progress, not only in research. The result indicates that the department is on track and meeting expectations for the PLO3.","As the program grows in size and the areas of research become diverse inviting more faculty from outside of the department to serve as advisors, one of the challenges we face is to closely monitor studentsâ€™ progress and keep them on track to meet the expected timeline. We will increase communications with students and faculty advisors so they will have a clear understanding of the requirements and will not fall behind. We will also try to employ methods such as evaluation of MS thesis defense, PhD qualifier, PhD proposal, and PhD thesis defense. We will look at the overall evaluation but also use a particular rubric such as â€śprospects for success,â€ť which looks at studentsâ€™ ability to share new insights with others, knowledge of related publications and industry standards, and ability to demonstrate an understanding of theoretical and systems methodologies. These may have to be sample data as students go through different stages of exams/evaluations in different timelines. The graduate committee will evaluate the effectiveness of this assessment plan on a regular basis and revise it as needed.",1,1,1,1,1
SOCI BA ROAR AY2023-24 PLO3.docx,Sociology,"Apply sociological knowledge and training to understand theory and policy oriented around issues of human well-being in the US and globally, including how to understand the relationship between inequality and factors like race, class, gender, and education.","Instructors of SOCI 301 (Social Inequality), SOCI 381 (Research Methods), and other substantive 300-level courses were asked to complete standardized rubrics to assess studentsâ€™ understanding and application of key social issues that reveal the relationship between social and economic characteristics and inequality in a variety of outcomes, ranging from health to educational attainment. Instructors of each of the 7 relevant courses offered in AY 23-24 evaluated a representative sample of students from their class on a 10-item rubric using a 0â€“3-point scale, with 0 indicating â€śstudent does not demonstrate knowledge or skillâ€ť and 3 indicating â€śstudent has mastered this knowledge or skill.â€ť","The department has set a goal of 80% of students scoring an average of 2.0 or better on rubric total score out of a possible 3 points. Every student evaluated in the relevant courses exceeded this goal, with average student-specific scores across all rubric items ranging from 2.125 to 3. Across all relevant courses, the average overall score on the 10-item rubric was 2.67 (class minimum: 2.55; class maximum: 2.875). The cross-class average scores for each of the 10 rubric items ranged from 2.35 to 2.85.","Given the strong performance of students on the assessment rubrics, we are very pleased with current performance on PLO 3 and plan to continue our current approach in these classes. We will reevaluate student performance in AY 24-25 with the same assessment rubric to ensure that we are maintaining our high standards for producing students who are well able to apply sociological insights to real world issues.",1,1,1,1,1
SMEP BA ROAR AY2023-24 PLO3.docx,"Kinesiology Department/Sports Medicine & Exercise Physiology Program, BA","Apply theoretical and practical knowledge of psychological factors in sport, exercise, rehabilitation, and performance settings.","Three exams are administered in KINE 310 â€“ Psychological Aspects of Sport and Exercise to assess student understanding of course content.   Topics for exam 1 include motivation, foundations of sport psychology, leadership and communication in sport, and self-confidence.  Topics for exam 2 include understanding anxiety stress and mood in sport and exercise, attention and concentration in sport, and coping and intervention strategies for sport and exercise including imagery, goal setting and self-talk. In addition to the 2 examinations, the students are assessed by conducting case studies and behavior change projects. The topics are all related to Psychological issues in Sports.","The students showed learning and retention of knowledge regarding Psychological Aspects of Sports, which includes topics related to performance anxiety, attention, concentration, motivation, etc.â€¦ The average score for the examinations and the case studies and behavioral change exercises was over 85%. Seventeen out of 20 students (85%) (17/20) scored above 85%. The department is satisfied with these results.","While currently no major changes are planned, our evaluation and assessment tools/rubrics are annually reviewed during the subsequent academic year to polish and improve to ensure that these documents fairly and adequately assess the studentsâ€™ project and this Program Learning Outcome.",1,1,1,1,1
ECE MSPhD ROAR AY2023-24 PLO2.docx,Electrical and Computer Engineering MS-PhD,Lead research and design groups by communicating innovative ideas effectively.,"The ECE student in the MS-PhD program must successfully complete a project course ELEC 599 in their second semester (or first semester if they matriculate in Spring).  Students who have already acquired a masterâ€™s degree elsewhere must also complete the ELEC 599 project, after which acceptance of their previous masterâ€™s degree will be determined by the Graduate Committee. ELEC 599 allows students to begin research early in the Ph.D. program and also crucially serves as the vehicle to identify the PhD thesis advisor. ELEC 599 consists of two parts: research and communications seminars. At the end of the semester, students are evaluated through written project reports and oral presentations by at least three faculty members, including their potential advisors. Students must pass ELEC 599 with a grade of A- or better to remain in the PhD program Materials and methods of assessment: A total of 30 students who matriculated in Fall 2023 and Spring 2024 took ELEC 599 and were evaluated for their performance. The ability to lead research by communicating innovative ideas effectively was evaluated by studentsâ€™ written and oral presentation skills and the presentation of data. The written presentation skills were evaluated from several viewpoints, such as appealing design, good writing style, easy reading of the report, appropriate citation, and grammatical errors. The oral presentation skills were evaluated by presenting manners such as eye contact, use of fillers, and level of confidence. The presentation of data was evaluated by the design and use of graphics, whether it is informative and easy to interpret. Those skills were evaluated separately on a scale of 1-5, with 5 (Excellent) being the highest performance, and we pulled the average scores. Scores above 3 (Good) are considered passing scores with opportunity for, but without pressing need for improvement.  Below 3 would be deemed inadequate in communication skills.","Results: Out of 30 students evaluated, no student scored below 3 (Good). 83% scored above 4 (Very Good) and 17% of the students scored 5 (Excellent).  In general, students are making good progress in communication skills. The goal is to bring 20% of students to score 5. Several lectures, peer reviews, and class activities were conducted to improve studentsâ€™ writing and oral presentation skills. Midterm evaluations were also conducted to assess their oral presentation skills. The assessment suggests that the course curriculum was overall effective in helping students achieve PLO2, but there is room for some improvement.","Coaching sessions and mentorship by senior ECE students and/or trained student coaches coordinated by the School of Engineering can be implemented as additional training for reinforcing communication skills. We will continue to provide various training to build their communication skills in ELEC 599 and assess the learning outcome annually. We will also try to employ methods such as evaluation of MS thesis defense, PhD qualifier, PhD proposal, and PhD thesis defense. These may have to be sample data as students go through different stages of exams/evaluations in different timelines. In general, we try to monitor studentsâ€™ progress and ensure that milestones are met by the expected timeline with an expected outcome. We will increase communications with students and faculty advisors so they will have a clear understanding of the requirements and will not fall behind. The graduate committee will evaluate the effectiveness of this assessment plan on a regular basis and revise it as needed.",1,0,1,1,1
ANTH PhD ROAR AY2023-24 PLO5.docx,Anthropology,"Conducted responsible, ethically appropriate research with their interlocutors and consultants in a world of increasingly complex interplay between small-scale and large-scale concerns and commitments. Conduct responsible, ethical research with interlocutors and consultants in a world of increasingly complex interplay between small-scale and large-scale concerns and commitments.","Each student will be evaluated directly by the faculty on the dissertation committee, who will base their evaluation on both (a) the quality of the written material (dissertation) and (b) the oral presentation of research materials (dissertation defense). An evaluation rubric will be provided to each dissertation committee member who will grade, on a scale of one to five, whether the student: conducted ethically appropriate research; utilized a research design that demonstrated an awareness of small-scale dynamics within the research site and among interlocutors; and developed a research design demonstrating an awareness of large-scale dynamics within the research site and among interlocutors, pertinent to the research objective.","Across the five dissertations and defenses evaluated by faculty committee members, 20% (1 student) achieved an average of 2.9; 20% (1 student) achieved an average of 4.1, 20% (1 student) achieved an average of 4.2, 20% (1 student) achieved an average of 4.4 and 20% (1 student) achieved an average of 5. This results in 80% of students achieving the expected threshold of a 3.5 average, and scoring well above the minimum threshold.","Based on our results, we do not anticipate making changes to the expectations of PLO 5 or training toward those goals. It is recommended that, in the future, students who are at risk of not fulfilling the programâ€™s expectations be counseled closely by the chair of their dissertation committee (and other committee members when appropriate) to focus attention on the areas of evaluation to be assessed (per PLO 5 above).",1,1,1,1,1
CHBE PhD ROAR AY2023-24 PLO2.docx,"CHBE, PhD",Apply advanced knowledge from several major areas of modern chemical engineering.,"The two main sources for assessment are (1) projects in our graduate core courses and (2) the thesis proposal. For 2023/24, we examined student performance on the most recent round of thesis proposals, presented in June 2023.  Students write and defend their thesis proposal before their thesis committee at the end of their second year of residency.  This proposal is expected to represent an in-depth examination by the student of the state of knowledge in their chosen research topic, as well as an extensive plan for their research.  In length, this proposal is typically 50% of the eventual full PhD thesis. Students are judged on several criteria, including: (1) Research Objectives, (2) Literature Review, (3) Preliminary Results and (4) Proposed Research.  In addition to the overall Pass/Fail grading, the written proposal and oral presentation are graded on a scale of 1-5 in these categories. Grades of 3-5 are considered satisfactory to excellent. We collected both the thesis proposals and detailed committee grades with comments/feedback.","For the 15 PhD students starting in 2021 and expected to present their thesis proposals at the end of the 2022-23 academic year, 12 received a passing grade, 1 received a grade of â€śpass with reservationsâ€ť (for which changes and/or additions were requested) and 2 students had to defer their presentations. With respect to each of the above criteria, below are the percentages of students judged to be unsatisfactory (<3), satisfactory (3-4.5) and excellent (>4.5). Students receiving an unsatisfactory grade in one of these criteria were only given a pass with reservation and required to make significant revisions before passing. This was successfully completed in the case of the single student given a pass with reservation.","We note with concern the deferral of the thesis proposal and defense by two students in this group. This has not happened in many years. These deferrals were partly due to health concerns. In response to this, we monitored the progress 2022 entering class more closely than usual and we are pleased that all of these students are so far on track to defend their proposals by early July of 2024. We are reviewing our current policies and guidance to avoid further deferrals in coming years.",1,1,1,1,0
SMEP BA ROAR AY2023-24 PLO2.docx,"Kinesiology Department/Sports Medicine & Exercise Physiology Program, BA",Translate fundamental principles of human nutrition to practical application in exercise and sport.,"In HEAL 103: Nutrition, students are required to complete a Concept Application Assignment in which they will apply multiple concepts of human nutrition to plan a diet for patients with differing health needs.  The assignments were directly assessed utilizing a rubric/rating scale by the teaching faculty, Roberta Anding.  In the Spring semester of the 2023-2024 academic year, there were 41 students enrolled in this course. The rubric/rating scale utilized directly assessed the concept retention out of a scale of 70 possible points.  Several factors went into point totals, including use of scientific references, strength of nutritional plan, justification for planning, assessment of specific patient nutritional needs as it applies to exercise and sport, and other principles of nutrition learned during the semester.","Application and learning of multiple concepts of human nutrition are directly assessed for students in HEAL 103: Nutrition.  The students showed improvement and learning of the concepts with application theory.  The average score for the projects was 60 out of 70 (85%) possible points, utilizing the rubric as described above. Fifty-one students out of 57 (89%) obtained 85% or more. The department is satisfied with these results.","While currently no major changes are planned, our evaluation and assessment tools/rubrics are annually reviewed during the subsequent academic year to polish and improve to ensure that these documents fairly and adequately assess the studentsâ€™ project and this Program Learning Outcome.",1,1,1,0,1
ENTR Minor ROAR AY2023-24 PLO1.docx,Entrepreneurship Minor,Execute the steps of the entrepreneurial process.,"Undergraduate students working toward the Entrepreneurship Minor take BUSI 369, New Enterprises, as one of four required core courses. New Enterprises introduces the frameworks and tools to execute the steps of the entrepreneurial process, including evaluating opportunities for a new innovation-based enterprise, conceptualizing and developing a venture plan through an iterative process, articulating venture assumptions, and testing venture assumptions through experimentation. 
To assist the students in learning the steps of the entrepreneurial process through experience and practice, the professor assigns the following two projects: Primary Market Research Presentation â€“ A 7-minute team presentation offering a comprehensive overview of the journey in understanding customer needs and informing strategic decisions to address identified problems in the selected market segment. Go/No-Go presentation â€“ An 8-minute presentation providing a concise evaluation of the venture opportunity, including an elevator pitch overview of the problem, customer, and solution, discussion of encountered hurdles, presentation of remaining obstacles, decision to proceed or halt, and formulation of next steps. The professor uses a rubric for each project to evaluate the quality of a team's presentation related to the steps of the process. The scores are measured on a 0-100% scale. We expect 80% of the students to meet a minimum acceptable average score of 70% on each project.",Studentsâ€™ performance on their BUSI 369 New Enterprises presentation projects was satisfactory: 97% of the students scored an average of 89.6% on the Primary Market Research Presentation 93% of the students scored an average of 90.85% on the Go/No-Go Presentation. We have exceeded the target of 80% of the students meeting a minimum of 70% average score for each project.,We were satisfied with the studentsâ€™ performance on these integrative presentations and thus feel assured that they have the requisite understanding to execute the steps of the entrepreneurial process. We may consider adjusting the target for achievement in the next assessment to increase the desired performance target and test it out next year.,1,1,1,1,1
ECON PhD ROAR AY2023-24 PLO1.docx,Economics (Ph.D. program),"Carry out independent research in economics and finance, using and developing mathematical, statistical, econometric, and computational tools","Direct assessment: All our doctoral students are required to take mathematics and statistics camps in the summer prior to starting their doctoral program. The other components of the measure are final grades for all first-year core curriculum (microeconomic theory, macroeconomics and finance, econometrics) and the final course grade for Econ 504 (computational economics). Students with low grades are required to take a make-up qualifying exam.",The majority of the cohort (Matriculation Year 2024) did well. All but one students attained grades that are sufficient to exempt them from taking qualifying exams.,"We will allow 1st yr PhD students to complement our core curriculum with a graduate course in statistics, or mathematics, upon the approval of the Director of Graduate Studies. The goal is to broaden studentsâ€™ general knowledge in these broadly related fields, in the hopes that they learn useful concepts and tools that will be useful for their dissertation.",0,1,1,1,0
SMGT BA ROAR AY2017-18 PLO3.docx,Sport Management,"Students will be introduced to the law and legal concepts and develop an understanding of the law as it applies to the sports industry in relationship to the legal sector, as well as the broader relationship between the sports industry, law and society.","Assessments to measure outcomes are: Test 1: to assess students understanding of the meaning of â€ślawâ€ť, how law impacts sport; basic legal reasoning, analysis and substantive areas of law relevant to sport covered in the first half of class. Mostly scenario-based fact patterns requiring analysis to mimic real life situations as much as possible. To assess their ability to respond as sports managers. Exam based scoring Rubric is used Test 2: to assess students development of legal reasoning skills, analysis and substantive areas of law related to sport covered in the second half of class. Mostly scenario-based fact patterns requiring analysis to mimic real life situations as much as possible. To assess their ability to respond as sports managers. Exam based scoring Rubric is used Final Legal Research Presentation: to assess students ability to research a sport law related topic and present findings, legal analysis and legal argument on the topic. An oral presentation rubric is used. Final Legal Research Project/Paper: to assess students legal research abilities, legal argument and ability to respond to questions raised regarding their research and topic. A research rubric is used. Use of scenarios and fact patterns to develop analytical thinking; approached used by ABA approved law schools. Test 1 / Weekly Discussion Questions Questions are taken directly from the course materials. A grading key is used to ensure the grading is consistent and points appropriately allocated.  Scenarios are covered throughout the course and students are coached throughout the course on this approach.","Students tend to struggle a bit on Test 1 due to the 10 questions and 60 minute time constraint. They also are not used to tests that require analysis vs â€śtheâ€ť correct answer. Seems to be a major culture shift for students. Students tended to do better on Test 2 in general, although some students still struggled some with the analytical scenarios. Analysis and critical thinking are import skills for students since this is more closely related to real-life.","Update the Rubrics based on any changes to the law or added/removed content from the class. This is reviewed each semester to ensure the content and grading remains current. Changing Test 1 from 10 questions (60 minutes timed) to 5 questions (60 minutes timed) Spend even more time on analytical thinking, scenario-based learning and addressing skills associated with this. Each semester assess impact of the changes and continue to adjust as warranted.",0,0,1,1,1
ECON PhD ROAR AY2019-20 PLO2.docx,Economics PhD,Conduct a focused review of the literature and develop a research design to carry out independent research.,"Direct assessment: Each second-year student completed a literature survey and developed their research agenda under supervision in our Econ 598 â€“ Research Methods course. ECON 598 â€“ Research Methods Prepares second-year Ph.D. students to conduct quantitative research. After aÂ critical review ofÂ existingÂ economic models, statistical analysis of data and economic evaluations, students develop their own research agenda.","Two of the students earned a grade of A+, five earned a grade of A and two earned a grade of A-.",We are satisfied with these results and do not plan to make any changes.,0,0,1,0,1
SMGT BA ROAR AY2017-18 PLO6.docx,Sport Management,"Develop an advanced proficiency in legal analysis, legal reasoning, research and understanding of current and foundational issues in sport by evaluating and communicating the theories, prevailing issues and ethical dilemmas impacting the sports industry. (Specific to Sport Law concentration)","Assessments used are: Test 1 (SMGT 464, SMGT 365). Exam scoring rubrics are used. Weekly Discussion Questions (SMGT 464, SMGT 465, SMGT 365). Scoring rubrics are used. Scored Sports Law Topic Debates (6) (SMGT 464). Oral debate rubric is used. Final Panel Presentation (SMGT 464). Oral presentation rubric used. Final Negotiation Scenario (SMGT 465). Negotiation scoring rubric is used. Final Negotiation Agreement Scenario (SMGT 465). Negotiation scoring rubric is used. Final Actual Mediation Scenario (SMGT 365). Mediation specific rubric used, as well as participant evaluations. All assessments directly related to course materials (text, required reading, handouts, videos, discussion questions, etc.) and information covered in class. Topics for assessments (SMGT 365, 464, 465) all sports industry related and addressed during the course. Test 1 SMGT 464 and SMGT 365/ Weekly Discussion Questions Questions are taken directly from the course materials. A grading key is used to ensure the grading is consistent and points appropriately allocated","SMGT 365, 464, 465 â€“ Since these are very practical skills being taught students are mostly required to be in class and engaged in the activities in order to gain the most benefit. In general students did well in the class. However, there were some issues around students having a clear understanding of whether they were properly executing certain skills. Individual feedback in-the-moment was not always sufficient and not always absorbed by the other students through observation. Exercises during classes, though helpful, should also be routinely scored (365, 465) for students to gain the most benefit. Although exercises where routinely scored (464) difficult to manage the active debates and provide in-the-moment feedback on the topics to the students. Perhaps having a TA who can assist with conducting debates (timing responses, reading questions, will allow more opportunity for instructor feedback, coaching, (writing comments, scoring, etc.). Alternatively, remove timing and simply ask questions and/or limit number of questions or have students manage timing.","Add additional scored assessments: Scored Negotiation 1 (SMGT 465) Scored Negotiation 2 (SMGT 465) Scored Mediation 1 (SMGT 365) Scored Mediation 2 (SMGT 365) Final Team Legal Research Paper (SMGT 464) Each of the above classes have only been taught once. These additional assessments will be implemented during this next school year (2018-2019) or the second time these classes will be taught. At the end of this second class for each of these the impact will be assessed. Total timeline by end of Spring 2019. Adjust SMGT 464 to remove timed questions, identify other means of students exercising legal research, legal reasoning, legal analysis on sport management related topics and current events. Adjust SMGT 465 to allow students to collaborate on final negotiation scenario.",0,1,1,1,1
CLAS BA ROAR AY2022-23 PLO3.docx,Classical Studies (program housed in department of MCLC,Communicate both orally and in writing the historical significance of ancient Greek and Roman culture and their continuing influence on the modern world.,"I based my direct assessment of this outcome on the written work on guided reading assignments completed and submitted by all the students in my course CLAS 124 Classical Antiquity in Children's Literature, which I taught in fall 2022.  These assignments were the basis for class discussions, and in my comments below I am accounting for what I recall of those as well as the content of the written work I have just reviewed. I chose to base this assessment on this material because the overarching goal of the course is that students achieve the outcome described above in respects specific to the course.  As indicated in its catalog description, students who enroll in the course study children's literature from the Victorian period up to the present day in which models from classical antiquity and/or the idea of classical antiquity itself are prominent, in an effort to understand the meanings ""classical antiquity"" held and holds for their authors and readers, and the agendas they served and serve. As usual, I elected not to use a rubric.  My reasons are the same as in previous years.  My personal experience of using rubrics is that when I do so, I am less attentive to subtleties and nuances in the word that I read and assess.","On the whole, I was pleased to be reminded, on re-reading this work, that all of the students had substantially understood what they had read about the use of classical models and themes in authors such as Hawthorne, Kingsley, Beatrix Potter, J. M. Barrie, Frances Hodgson Burnett, Rosemary Sutcliff, the authors of the AstĂ©rix series, and others, and acquired an awareness of the prevalence of those models and themes that they had not had before.  One student actually commented several times that although she had read several of the books before, and also seen film versions of some of them, she was astonished by how much she had previously ""missed,"" in the sense that she had not been aware previously of the classical references.  This was gratifying for me to read, of course.  The students, as I had anticipated and hoped, also frequently commented in class on such contemporary authors as Rick Riordan (and, to a lesser extent, J. K. Rowling) and compared their uses of classical material with those they were encountering in the assigned texts. They were also, to a varying degree, able to respond appropriately to the secondary texts I assigned for the course.  In this connection, all the students demonstrated that they had acquired a basic understanding of Romantic ideas about childhood and how those had shaped some of the authors' use of material from Greek religion and myth.  They also all seemed to understand how Hawthorne and Kingsley's different views about childhood and about the trajectory of human history were reflected in their retellings of Greek myth for child audiences.  They also all noted the inherently ambiguous nature of Aesop's fables, and how this had enabled their use, over and over again, to serve the ideology of quite different political and religious groups.  They wrote knowledgeably about the various contexts in which the fables had been used repeatedly both in the service of teaching reading and in moral education.  When we read and discussed novels for children and young adults set in ancient Rome and in Roman Britain, they were quick to identify and critique examples of cultural stereotyping.  With respect to Caroline Lawrence's Roman Mysteries series, specifically, they were able to appreciate the author's efforts to do justice to the cultural diversity of imperial Rome, but also quick to point outâ€”much more astutely than any of the assigned secondary literature, I might addâ€”the degree to which this resulted in stereotyped and flat characterization of the child protagonists. That said, some students demonstrated a much better grasp than others of the different approaches to the Romantic ""child"" reflected in the use of classical material by different Victorian and Edwardian writers.  Similarly, some students came away with a far more sophisticated understanding of how not only historical context, but also changing theories and practices in classical archaeology can explain the different descriptions of cultural difference and interaction in novels about Rome and Roman Britain published at different ""moments"" in the twentieth and twenty-first centuries.   And while all the students demonstrated a good general understanding cultural stereotyping in the AstĂ©rix series, and of how the plots and characterization were likely shaped and influenced by twentieth century European history and educational traditions, some students were able to contribute a great deal more of their own that was insightful about the extent to which the series has or has not caught on in other parts of the world, such as the United States and Asian countries, and the possible reasons. These differences seemed to a large extent to correspond not only to the students' previous preparationâ€”whether or not they had taken other courses in classics or archaeologyâ€”but also to their ability to tackle secondary literature.  Some of them obviously found it much harder than others to make sense of an academic article, and this showed when they proved unable to engage in meaningful discussion of the concepts I have just described.","Based on my last comment above, I plan to devote more class time, next time I teach this course, to working through the secondary material I assign, paragraph by paragraph if necessary, in the classroom, to make sure that students are all in a position to make the best possible use of it.  This will in and of itself be one way to help bridge the gap between students who are more or less well prepared for the class based on their previous experience.  I will also try to identify other, more basic, readings that will help accomplish that goal. I also plan to suggest to my colleagues that we aim to offer more courses that, like this one, focus on classical reception.  I believe that this is called for if we are serious, as we surely should be, about including this learning outcome, along with PLO 4, on our list.  I say this becauseâ€”as will be clear from my report this year on PLO 4â€”it seems very difficult to do justice to these learning outcomes in courses that do not make them their primary focus.  At least, that is my own experience.  I find that there is simply not sufficient time in a course that is primarily focused on the ancient texts and concepts read in their original contexts to help students not only be aware of the later and continuing influence of classical ideas, but also examine the phenomena in appropriate depth.  But I will also consult my colleagues about whether their experience is the same as mine. I will be sure to raise these questions and share these recommendations with my colleagues when we have our next round of discussion about course offerings, and will report on where we stand on the matters a year from now, in May or June 2024.  In the meantime, I will share this report with them and invite them to comment on this point along with the rest of its content.",0,1,1,1,1
CAAAS ROAR AY2023-24 PLO2.docx,African and African American Studies,provide students with the ability to use intellectual tools to conduct scholarship associated with African and African American Studies.,"Direct observation of the outcome of the studentâ€™s work in the form of their dissertations.  Each student must move through a series of courses and experiences, and their dissertations must demonstrate an engagement with African and African American Studies scholarly methods, approaches, and modes of analysis.","All dissertations addressed the field in substantive ways. Moreover, several of them are in African and African American Studies related or based academic posts.",The current evaluative process is timely and builds upon other systems of direct observation. I do not anticipate any changes to the method or schedule of evaluation. The certificate will continue to undergo evaluation as planned.,0,1,1,1,1
CHPY ROAR 2022-23 PLO1.docx,"Chemistry, Physics and Astronomy/Chemical Physics BS",Demonstrate a solid foundation of knowledge in chemistry as applicable to chemical physics.,Course grades for CHEM 211 and (CHEM 215 or CHEM 365) Course grades are based on extensive problem-solving homework and final exams so they are more indicative of overall performance than exams or individual assignments.,Both students demonstrated mastery with average grades above 3.5 for the two courses.,,0,1,0,1,0
CHPY ROAR 2024-25 PLO1 v2.docx,"Chemistry, Physics and Astronomy/Chemical Physics",Demonstrate a solid foundation of knowledge in chemistry as applicable to chemical physics.,Course grades for CHEM 211 and (CHEM 215 or CHEM 365) Course grades are based on extensive problem-solving homework and final exams so they are more indicative of overall performance than exams or individual assignments.,Organic Chemistry: 1 student demonstrated proficiency with a grade of C+; two students demonstrated mastery with grades above B. Organic Chemistry lab: All three students demonstrated mastery with grades of A. The standard was easily met for this cohort.,None N/A N/A,0,1,0,1,0
ECON PhD ROAR AY2023-24 PLO4.docx,Economics (Ph.D. program),"Complete a dissertation proposal; Communicate research effectively by writing clearly, concisely, and cogently.","In the fourth year the students finalize their dissertation committee, and submit a dissertation proposal. The dissertation proposal consists of a preliminary outline or draft of all dissertation chapters. The guidelines and assessment criterion are: Include the title of the dissertation and component chapters; identify dissertation committee members. For each chapter, define and motivate research question(s), summarize the related literature, and explain the contribution. If the topic of a chapter is methodological, specify the model and assumptions, and provide preliminary results. If the topic of a chapter is empirical, specify data source(s), explain the empirical strategy, and provide preliminary results. A proposed chapter on empirical topics must be linked to specific data source(s). Access to the data should be secured and there should be exploratory analysis of the data. Otherwise, the proposal must specify a feasible timeline for data acquisition. Suggested length of the dissertation proposal: 15-20 pages for the main chapter (a.k.a. the job market paper), and 5-10 pages for the other chapters.",All fourth year students have passed this requirement.,We are satisfied with these results and do not plan to make any changes.,0,0,1,0,0
ECON PhD ROAR AY2023-24 PLO2.docx,Economics PhD,Conduct a focused review of the literature and develop a research design to carry out independent research; develop a research agenda for supervised work toward dissertation as well as independent research,"Direct assessment: Each second-year student is enrolled in Econ 598 (Advanced Topics and Research Methods) or Econ 800 (Graduate Research) under the supervision of a second year mentor. The goal is to guide second-year Ph.D. students to conduct quantitative research. After aÂ critical review ofÂ existingÂ economic models, statistical analysis of data and economic evaluations, students develop their own research agenda.",All current second year Ph.D. students satisfy this requirement.,We are satisfied with these results and do not plan to make any changes.,0,0,1,0,0
AMCI BA ROAR AY2018-19 PLO1.docx,"Ancient Mediterranean Civilizations, BA","Explain the historical trajectory of at least two of these Ancient Mediterranean Civilizations: Graeco-Roman, Islamic, Jewish, Christian.","I reviewed two research papers he completed in two classes: For Greco-Roman, I examined his paper on the late Roman author Ammianus Marcellinus. I also discussed the paper with him during its preparation and afterwards. The paper was evaluated for depth of research, analysis of ancient sources, development of modern scholarly interpretations, construction of argument based on that analysis, preparation of notes and bibliography, and final version of the paper. In all of these areas he did first rate work, receiving an A in the course and on the paper. My evaluation was based on more than 30 years of experience teaching and research. The student compares most favorably with other students I have taught during this period. For Christian civilization, I followed the same procedure and rubrics for a course on Medieval Spain taught by another professor. I reached the same conclusions about his work.","The student has learned important skills well, especially in doing research in ancient sources, constructing arguments, and in clear expository writing. In his exit interview with me he said that learning these things has been a great source of accomplishment to him. He values what he has learned.",,0,0,1,0,0
Accounting PhD ROAR AY2019-20 PLO1.docx,"Accounting PhD Program, Jones Graduate School of Business","Understand advanced accounting concepts, theories, principles, and quantitative methods including strategic role of accounting in business organizations and society.","Students in the first two years of the program take courses in which they are evaluated by their professors on the traditional grade based system. After completing two years of coursework students take a comprehensive exam administered by the Accounting PhD Program director in conjunction with the Accounting Faculty.  Students are provided a series of questions over a 1 to 1.5 day period that they must answer in writing. The exam is closed book and notes thus the students must have a strong command of the accounting literature along with the ability to demonstrate knowledge of research design techniques. Once the question and answer portion is complete the students are given an accounting research paper to review. They must critically evaluate the research question, design, methods, contribution, and conclusions drawn from the study. Two faculty members are assigned to grade each question independently.  The Accounting PhD Program director collects the grades and determines whether a student passed or failed in conjunction with the members grading each portion. Once the final determination is made the students are notified.  In the case of a failing grade, the student is allotted a second opportunity during the third year to pass the qualifying exam, which may be oral or in writing at the discretion of the Accounting faculty members.  If the student does not pass on this second attempt the student is dismissed from the program.","We have three students that will be taking the exam on June 24-26, 2020.",There are no changes necessary to our program at this point in time.,0,1,1,0,1
ROAR Business PhD PLO 3 2016 final.docx,"Business, PhD",Execute and present original research in their discipline.,"For the doctoral dissertation and defense, PhD students are required to execute and present original research in their discipline.  We had seven PhD students who graduated in May of 2016.  They all executed and presented original research in their disciplines and all passed their dissertation defenses as determined by their dissertation committee chairs or co-chairs and the faculty on their dissertation committees.  Additionally, I emailed each of the chairs or co-chairs of each of these seven PhD students and asked them if this learning objective/outcome was accomplished by the studentsâ€™ doctoral dissertations and defenses.  All chairs and co-chairs indicated that the objective/outcome was accomplished by the doctoral dissertations and defenses.",This learning objective/outcome is being accomplished by PhD students through the doctoral dissertation and defense.,"Based on these results, no changes will be made.",0,1,0,0,1
,,,,,,,,,,
Prompt,,,,,,,,,,
"prompt = f""""""",,,,,,,,,,
Analyze these four sections of an academic report.,,,,,,,,,,
"For each section, determine if it passes (1) or fails (0).",,,,,,,,,,
"A 'Pass' means the section is complete, specific, and matches the context.",,,,,,,,,,
,,,,,,,,,,
Acceptable possible criteria for the plo section:,,,,,,,,,,
"1) Focus on a result to be achieved rather than an action (program, process, etc.) to be implemented.",,,,,,,,,,
2) Write PLOs/outcome statements using action verbs (see BloomŐs Taxonomy discussion below).,,,,,,,,,,
"3) Programs should write PLOs from the learner perspective (administrative units should focus on specific, measurable operational goals/objectives in writing outcome statements).",,,,,,,,,,
"4) Write PLOs/outcome statements in specific, measurable terms.",,,,,,,,,,
5) Strive to focus on a single achievement/accomplishment in the PLO/outcome statement rather than multiple (to more clearly align measures),,,,,,,,,,
Acceptable possible criteria for the methods section:,,,,,,,,,,
1) Entry should explain why the assessment method changed from the,,,,,,,,,,
"previous plan (e.g., used a different course, used a different assignment,",,,,,,,,,,
etc.),,,,,,,,,,
2) The method entry must be aligned with the PLO that is being assessed,,,,,,,,,,
"and assess the corresponding student knowledge, skills, or abilities.",,,,,,,,,,
"3) Entry should outline what data was collected, from what sources, using",,,,,,,,,,
"what methods (direct assessment), by whom, in what approximate",,,,,,,,,,
"timeframe, and what rubric/score/criteria was used to determine PLO",,,,,,,,,,
achievement.,,,,,,,,,,
4) There should be a clear statement of how they evaluate student work Đ,,,,,,,,,,
"what kind of scoring is used, and the expected target/standard of",,,,,,,,,,
achievement for minimally acceptable performance,,,,,,,,,,
5) The assessment methodology must use a direct measure of student,,,,,,,,,,
"learning via a student work product (a performance, a written paper,",,,,,,,,,,
"exam questions, etc.).",,,,,,,,,,
,,,,,,,,,,
Acceptable possible criteria for the results sections:,,,,,,,,,,
1) Entry should not use the term Ňcourse gradeÓ or Ňcourse gradesÓ,,,,,,,,,,
"however, assignment grades are ok provided they align with the stated",,,,,,,,,,
evaluation scale,,,,,,,,,,
2) Entry should only contain results/data from the current Academic,,,,,,,,,,
YearŃnot prior year data.,,,,,,,,,,
"3) Entry should state who was assessed, what direct measure (student",,,,,,,,,,
"artifact) was used, and data that reflects studentsŐ results for the direct",,,,,,,,,,
assessment measure.,,,,,,,,,,
4) Entry should include a statement of achievement or non-achievement,,,,,,,,,,
of the PLO target/standard for achievement set in their assessment,,,,,,,,,,
plan. Entry can include a statement expressing inconclusive data but,,,,,,,,,,
must also include reasoning for the inconclusive data.,,,,,,,,,,
5) Entry should include an analysis and interpretation of the data and what,,,,,,,,,,
the data means in terms of PLO achievement.,,,,,,,,,,
,,,,,,,,,,
1. PLO: {row['plo']},,,,,,,,,,
2. Methods: {row['methods']},,,,,,,,,,
3. Results: {row['results_conclusions']},,,,,,,,,,
4. Improvement Plan: {row['improvement_plan']},,,,,,,,,,
,,,,,,,,,,
Respond ONLY in this format:,,,,,,,,,,
PLO: [0 or 1],,,,,,,,,,
Methods: [0 or 1],,,,,,,,,,
Results: [0 or 1],,,,,,,,,,
Plan: [0 or 1],,,,,,,,,,
"""""""",,,,,,,,,,
,,,,,,,,,,
messages = [,,,,,,,,,,
"{""role"": ""system"", ""content"": ""You are a precise academic auditor. You only output 0 or 1 for specific categories.""},",,,,,,,,,,
"{""role"": ""user"", ""content"": prompt}",,,,,,,,,,
],,,,,,,,,,